metric,value
"r_{Y,周|BMI+QC}",0.1045407484442078
"p_{Y,周|BMI+QC}",0.0005761297728905783
"r_{Y,BMI|周+QC}",0.05549765294135216
"p_{Y,BMI|周+QC}",0.06815541070438984
"r_{Y,周|bs(BMI)+QC}",0.10701639964563855
"p_{Y,周|bs(BMI)+QC}",0.0004241212836140794
"r_{Y,BMI|bs(周)+QC}",0.054030994555513225
"p_{Y,BMI|bs(周)+QC}",0.07578181096951582
