序号,孕妇代码,年龄,身高,体重,末次月经,IVF妊娠,检测日期,检测抽血次数,检测孕周,孕妇BMI,原始读段数,在参考基因组上比对的比例,重复读段的比例,唯一比对的读段数  ,GC含量,13号染色体的Z值,18号染色体的Z值,21号染色体的Z值,X染色体的Z值,Y染色体的Z值,Y染色体浓度,X染色体浓度,13号染色体的GC含量,18号染色体的GC含量,21号染色体的GC含量,被过滤掉读段数的比例,染色体的非整倍体,怀孕次数,生产次数,胎儿是否健康,检孕周
654,A160,31,160.0,53.0,2023-09-13 00:00:00,自然受孕,20230602,1,13w+1,20.703125,4577260,0.8036707,0.0308246,3491057,0.3966637,0.110452193,0.154848255,-0.988860932,0.976539691,-0.053093361,0.033254799,0.032389549,0.374660224,0.387423039,0.396035463,0.020801309,,1,0,是,13.143
