term,edf
s(week),
s(BMI),
TOTAL_EDF,18.323118730756885
ROC_AUC,0.7123502905253172
PR_AUC,0.9407058081513333
